IPR,Name
1,Aaron Anderson
1,Aaron Bannavong
1,Aaron Bendickson
1,Aaron Bronow
1,Aaron Brown
1,Aaron Chasan
1,Aaron Christensen
1,Aaron Donny-Clark
1,Aaron Erisman
5,Aaron Garberding
1,Aaron Key
1,Aaron Ling
1,Aaron McAbee
1,Aaron Miller WA
1,Aaron Rev
4,Aaron Shervin
1,Abdullah Syed
1,Adam Aly
1,Adam Chesbrough
2,Adam Jenkins USA
3,Adam Livengood
1,Adam Saunders
1,Adam Smith
1,Adam Sturm
1,Aden Draakkai
1,Adria Mavis
1,Adrianne Grondahl
1,Age Diaz
1,AJ Norris
1,AJ Schofield
2,Alan Wiley
1,Alan Woodyard
1,Albert Hailey
2,Alec Rodenhauser
1,Alek Lu
1,Alex Baker
3,Alex Bellinghausen
1,Alex Garcia
1,Alex Hart
1,Alex Hawley
1,Alex Miel
1,Alex PK
1,Alex Rice
2,Alex Sarles
4,Alex Singleterry
6,Alex Skinner
2,Alex Tada
1,Alex Wilson WA
1,Alex Wynn
1,Alexa Perry
3,Alexa Philbeck
4,Alexander Corbin
3,Alexander Simchuk
1,Alexander Young
1,Alexandre Davis
1,Alexis Chura
2,Algird Lisaius
1,Alicia Seftel
1,Alisha Maligon
1,Allen Wood
1,Allie Bailey
1,Allison McClure
1,Ally Christofferson
3,Altwin Hawksford
1,Alyson Ruby Rae
1,Alyssa Hutton
1,Amanda Drey
1,Amanda Futrell
1,Amanda Humphries
1,Amanda Kotchon
1,Amanda Lanning
1,Amber Cecil
1,Amber Marie Simon
1,Amber Pepin-Turbide
4,Amber Roy
1,Amberle Houston
1,Ameillya Jean
1,Amrik Ohbi
1,Amy Frame
1,Amy McCormack
1,Amy Richards
1,Andre Needham
1,Andrea Mas
1,Andrea Peterson
1,Andrew Bolt
3,Andrew Cole WA
1,Andrew Evans
5,Andrew Furdell
5,Andrew Hopper
1,Andrew Jamieson
1,Andrew Kauffman
4,Andrew Meuser
2,Andrew Nunes
3,Andrew Stauffer
1,Andria Keirn
3,Andy Bernard
5,Andy Burton
5,Andy Cobb
1,Andy Evans
1,Andy Glass
1,Andy Hatch
2,Andy Schafer
1,Andy Shook
1,Andy Wylie
1,Andy Yarritu
1,Andyroo Callan
1,Angie Parker
1,Angus Macmillan
1,Anisa Thomas
1,Anna Cartella
1,Anne Swanson
1,Anthony Ciampi
5,Anthony Giles
1,Anthony Gragnani
1,Anthony Lalonde
1,Anthony McCammant
1,Anthony Oneal
2,Anthony Welters
1,Antonio Borbon
1,April Mazur
1,Ari Golding
1,Ari Stinson
1,Ariel Bedolla
1,Arlen Simon
6,Armand Go
1,Arthur Alvarez
1,Ash Landers
1,Ashley Negron
1,Ashley Shoenberger
5,Ashley Weaver
1,Ashton Wright
2,Astri Niederkorn
1,Atomic Sita
1,Atticus George-Andrijeski
1,Atticus Wiman
1,Audrey Fleck
1,Audrey Hare
1,Audrey Rodes
1,Austin Arlitt
1,Austin Craig
3,Austin Hutchins
1,Autumn King
1,Ava Parker
1,Avery Gonzales
1,Banjo Mike
1,Barry Kornegay
1,Beck Keller
1,Becky Swafford
1,Ben Burland
1,Ben Flaster
3,Ben Fodor
1,Ben Ford
1,Ben Futrell
1,Ben Knight
1,Ben Phair
2,Ben Pownall
2,Ben Schubert
5,Ben Simmons
1,Beni Rose
1,Benjamin Lutz
2,Benny Phanichkul
10,Benton Seybold
1,Beth Petrick
1,Bethany Brakemeyer
1,Bianca Coleman
2,Bill Bailey
1,Bill Lohse
1,Bill Meier
1,Bill Nary
2,Bill Volckening
1,Billy Clark
1,Billy Conwell
4,Billy Musselman
1,Bin Djinn
5,Bird Arzoumanian
1,Biz Dingiean
1,Blake Butler
1,Blake Larimer
1,Blake Mitchell
2,Bo Dacious
1,Bo Delicious
2,Bo Kellogg
1,Bob Lambert
4,Bob Lyman
1,Bob Rosingana
1,Bob Rowlands
2,Bobby Boden
3,Bobby Conover
1,Bolt Stuart
1,Brad Crowden
1,Brad Hayden
1,Bradford Orand
1,Brady Beck
1,Brandon Keller
3,Brandon Lorenz
4,Brandon Pietenpol
1,Brandon Quinn
1,Brandy Shea
1,Brayden Porter
2,Bre Lloyd
1,Brea Hiramoto
3,Breanna Felix
2,Brendan Campbell
4,Brendan Niebruegge
3,Brenna Bechtold
1,Brennan Smith
1,Brent Longenecker
1,Brenton Ash
5,Brett Wolfe
1,Brian Baskoff
6,Brian Bower
5,Brian Chesbrough
1,Brian Fist
1,Brian Geiszler
1,Brian Headley
1,Brian Hegstad
3,Brian Hyder
1,Brian Kirk WA
1,Brian Meaker
1,Brian O'Neill WA
5,Brian Reinhard
1,Brian Shepard
1,Brian Welliver
1,Brian Young
5,Brianne Hunt
1,Bridgette Thimsen
2,Brieana White
1,Brit Payne
1,Brittany Gillia
1,Brittany Grant
1,Brittany Semrow
2,Brodi Bacchus
1,Brodie Somers
3,Brooke Borcherding
1,Brooke Crisp
1,Brooke Felix
1,Brooke Lukens
5,Bryan Eastman
2,Bryan Hernandez
1,Bryan Littlefield
1,Bryan Mills
1,Bryan Norkus
1,Bryn Bomar
1,Bubbles Shaiman
2,Bud Lipke
1,Buzz Johnson
4,Caden Mho
1,Caitlin Murray
1,Caleb Trujillo
1,Calin Badea
1,Cameron Austgen
1,Cameron Dean
1,Cameron Fraser
1,Cameron Jiles
2,Cameron Maples
2,Cameron Pizzo
1,Camille Funk
1,Camille Laframboise
1,Cammila Koch
5,Campbell Hancock
1,Candace Fields
1,Candice McGinnis
5,Canyon Mosely
1,Cara Ottmar
1,Carissa Overstreet
1,Carl Davis
1,Carrie Harjo
1,Carrie May
1,Carrie Wilson
1,Carter Gyasi
5,Casey Benton
1,Casey Ellis
1,Casey Garcia
1,Casey Jones
1,Casey Keeler
1,Casey Nolan
2,Cassandra Dymock
1,Cassidy Kirkland
1,Cassie Medici
1,Cat Alexander
1,Cat Morris
1,Catharine Robinweller
1,Cathy Gilbert
1,Catrina Wold
6,Cayle George
1,Cedar Russell
1,Celeste Corvus
2,Chad Adams WA
1,Challisa Parisi
1,Chandler Lattin
1,Chandler Sapp
2,Charles Olson
6,Charlie Burg
1,Charlie Savage
1,Chase Culver
4,Chase Engdall
4,Chase Martin
1,Chase Tommy
1,Chaynee Young
1,Chaz Simmons
1,Chelsea Gabzdyl
1,Chelsea Rakonza
1,Chelsey Oedewaldt
4,Chelsie Hulka
1,Chico Santana
1,Chistopher Noer
2,Chloe LeGrow
1,Chris Aquino
1,Chris Arzaga
5,Chris Borgstadt
1,Chris Bronson
1,Chris Calloway
5,Chris Chinn
1,Chris Cremer
2,Chris Harrington
1,Chris Kimbrough
1,Chris Miles
2,Chris Morris-lent
3,Chris Mullen
1,Chris Nissen
1,Chris Noerr
2,Chris Page
1,Chris Shea
5,Chris Tinney
3,Chris Vela
1,Christel Macabeo
1,Christian Ines
1,Christine Gent
3,Christopher Daniels
1,Christopher Davis
1,Christopher Lanphear
1,Christopher Sadowski
3,Chryste Ferrara
1,CJ Frederick
1,CJ Holmes
1,CJ Watson
2,Claire Burke
2,Clare Green
3,Clay Shelton
1,Clay Vondra
1,Clayton Baber
1,Clayton Brumbaugh
1,Clayton Coffman
1,Clayton Malcom
1,Clayton Michael
1,Clayton Perszyk
4,Clayton Stetz
4,Clinton Peterson
1,Coby Gaurin
1,Cody Jones
1,Coleman stoll
1,Colin Avrech
1,Colin Clark
2,Colin Curfman
1,Colin Haney
4,Colin O'Keefe
6,Colin Urban
1,Colleen Schroht
1,Collin Schaetzke
1,Collin Walker
1,Colton Christensen
1,Connor Macheras
4,Connor Stowe
5,Connor Vermeys
1,Conrad Gains
2,Corbin Sheffels
1,Corbin Stratton
1,Corey Barreras
1,Corey Klier
1,Corey Turley
4,Cory Diamonds
5,Cory Lampe
1,Cory Moormeier
1,Courtney Hoppus
1,Courtney Ware
1,Courtney Zeller
3,Craig Cainkar
5,Craig Easson
1,Craig Gary
1,Craig Geaschel
1,Craig R Jones
1,Craig Sherbahn
1,Craigo gray
1,Cristian Pecile
1,Croix Frigo
1,Crystal Ambrose
1,Curtis Granger
1,Dain Byquist
1,Dakota Green
1,Dakota Von
2,Dakota Warden
1,Damon LaPoint
1,Dan Atchison
1,Dan Baumfeld
3,Dan Corcoran
1,Dan Crakes
1,Dan Crowdus
1,Dan Danger
1,Dan Doherty
1,Dan Gillespie
5,Dan McLane
1,Dana Harper
2,Danae Hackett
1,Dane Hjeresen
2,Daniel Anthony
3,Daniel Belarmino
1,Daniel Marino
2,Daniel Mays
1,Daniel Miller WA
1,Daniel Plaisted
1,Daniel Reddin
1,Daniel Romo
6,Daniel Rone
1,Daniel Scott Clark
4,Daniel Trobare
2,Danielle Crowson
4,Danielle Wilcox
1,Danny Fair
4,Danny Linh
1,Danny Rashid
1,Darick Ty
5,Darin Lange
5,Daron Coull
1,Darryl Tillman
1,Dave Bush
4,Dave Dimoff
1,Dave Kane
1,Dave Lerner
1,Dave Mealy
1,Dave Ritter
6,Dave Stewart
1,Davey Jones
1,David Adams
6,David Chernicoff
1,David Donner
1,David Griffin
1,David Johnson
6,David Johnston US
2,David Latimer
4,David Morell
1,David Palen
1,David Rauschenberg
1,David Tate
1,David Teichner
5,David Weil WA
4,Dawnda Durbin
1,Daysha Gunther
2,Dean Shivers
5,Deborah Tahlman
1,Deborah Torrison
1,Demarus Sandlin
1,Demarus Tevuk
3,Dennis Ayres
3,Denton Dickson
1,Derek Lee
5,Derek Miazga
1,Derek Muertos
1,Derek Neal
1,Derek Simmons
1,Derek Tropf
1,Derrick Downing
1,Devan Bland
1,Devon Lamoreaux
1,Diane Panagiotopoulos
1,Dianna Dno
5,Dickie Hornaman
1,Diego Medrano
1,Dieter Hundt
1,Dillon Heath
1,Dina Robinson
1,Dingo Freid
6,Dingo Hilgard
1,Dj Youngblood
6,DL Salo
10,Dom Bao
1,Dom Minichiello
1,Dominique Shadduck
4,Donald Warren
1,Donna Hucklebee
1,Donna Ruacho
1,Donny Passey
1,Donovan Packman
1,Doug Broadbent
1,Doug Turney
4,Douglas Hansen
6,Dr. Frank Sposaro
1,Drea Berthold
2,Drew Mulkey
1,Drew Penhollow
1,Duncan Adams
1,Dustin Ryerson
2,Dwayne Collins
1,Dylan Frazier
3,Dylan Higgins
1,Dylan Ingham
5,Dylan Reiff
5,Dylan Snow
1,Easy Crew
1,Ed Cendejas
2,Edmund Nash
4,Elena Wright
10,Elijah Nelson
1,Eliot Flannery
1,Elisa Hogue
1,Elisabeth Dingivan
2,Elizabeth Gerth
1,Ellie Kohler
4,Elliott Johnson
4,Eloise ELO
1,Elsa Bonyhadi
1,Emerson Gelb
3,Emily Beirne
1,Emily Gibian
1,Emily Henshaw
1,Emily Hunter WA
1,Emily LaPatra
2,Emily Miller
1,Emily Tower
3,Emily Young
1,Emir Turulja
1,Emma Eichhorn
2,Emma Frost
1,Emma Hellthaler
1,Eric Bruns
5,Eric Chambers
1,Eric Csakany
1,Eric Dushoff
1,Eric Eastman
1,Eric Garrison
1,Eric Hohnstein
1,Eric Kotz
1,Eric Logan
5,Eric Morales
1,Eric Ngonevolalath
1,Eric Segraves
1,Eric Torrison
1,Erica Ward
3,Erick Dirvanowski
3,Erick Spaan
5,Erik Graciosa
5,Erik Gust
4,Erik McClintock
4,Erik Rikansrud
4,Erin Malysa
1,Erin McAdam
1,Erin Shadensack
5,Esther Ahronheim
1,Esty Randolph
1,Ethan Johnson
1,Eugene Chernov
1,Eva Ngo
2,Evan Adkins
5,Evan Amano
6,Evan Eckles
1,Evan Lesh
5,Evan Matt
1,Evan McBride
1,Evan O'Brien
3,Evan Seftel
1,Evan Severson
5,Evan Williams
4,Evan Zynda
1,Evelyn Toodlez
2,Fabian Benabente
1,Fabian Hartmann
1,Fabian Turcios
1,Faen Wilde
1,Fernando Pizarro
2,Fiona Chiong
1,Flash Haze
5,Forrest Avery
1,Forrest McIntyre
1,Foster Cronyn
1,Francis Carr
1,Frank Haltom
1,Frankie Fingers
1,Fred Wilmot
1,Free Wortley
1,Freightlin Cox
1,Gabrielle Torrison
1,Gaelen Poage
2,Gage Glupker
1,Gareth Cody
1,Garret Croxon
1,Garrett Avery
1,Garrett Traub
2,Garrick West
1,Gary Sabo
4,Gavin Carrol
1,Genevieve Forrester
2,Geoff Greene
4,Geoff Jensen
1,Geoff Kirby
1,Geoff Simons
1,George Kent
10,George Lally
2,Gia Simons
1,Gilbert Sandejas
1,Gillian Thomas
1,Glenden Hoyt
1,Gocelyn Morgado
2,Gordon Ornelas
1,Grace Elaine
4,Graham Klym
1,Graham Newman
1,Graham Wood
1,Greg Balducci
1,Greg DiCarlo
4,Greg Dunlap
1,Greg Gramenz
1,Greg Henak
1,Greg Larson
3,Greg Levine
1,Greg Weiss
4,Grey Ertl
3,Guadalupe Bryan
5,Gus Voss
1,Gustavo Fredrick
1,Gwen Aura
1,Haley Mountain
1,Haley Webster
2,Hank Duhaime
2,Hannah Brand
5,Hannah Hatch
1,Hannah Olsen
1,Hannah Schurman
1,Hannah Van Pelt
1,Harley Tiechman
1,Harold Noble
3,Hayden McCabe
1,Haylee Morse-Miller
1,Hayley Thompson
1,Heather All-Weather
1,Heather Brammer
3,Heather Loudon
1,Heather Shypula
1,Heather Stevenson OR
1,Heather Willott
1,Holli Winchell
1,Honi Harrison
3,Hunter Heeke
2,Hunter Vogt
2,Ian Beatson
1,Ian Duncan
1,Ian Humphreys
1,Ian Lucas
1,Ian McCann
1,Ian Spicknall
1,Illirik Smirnov
1,Imran Islam
1,Isaac Harney
2,Isaac Kaplan-Woolner
1,Isaac Vicknair
4,Isabelle Grams
1,Ivan Gwynn
1,Jackilyn Hoxworth
1,Jackson Borek
3,Jackson McComish
1,Jackson Ryan
1,Jaclyn Newman
1,Jacob Bevan
1,Jacob Emert
1,Jacob Lichtenwalner
1,Jacob Ohman
1,Jacob Ricker
1,Jacque Simmons
1,Jade Callaghan
1,Jake Beckerman
1,Jake Cochrane
5,Jake Hei
3,Jake Selby
4,James Blankenship
1,James Brown
5,James Daniels
6,James Frost-Winn
5,James Furdell
1,James Gibson
1,James Kim
1,James Maltos
1,James Noble
1,James Orrell
1,James Pettengill
2,James Pink
2,James Thompson
1,James vanRosmalen
1,Jamie Edison
1,Jamie Goldman
2,Jamie Stormbreaker
1,Jandy Stephens
1,Janelle Oakley
2,Janet Newman
1,Janet Owen
1,Janson Cons
6,Jaran Jones
1,Jared Baldridge
3,Jared Bayliss
3,Jared Gamble
1,Jared Kramer
1,Jared Michelman
6,Jared Schmidt
1,Jaron Sheffield
6,Jarrett Gaddy
1,Jarrod Job
4,Jasmijn de Jong
10,Jasmine Palmer
1,Jason Andersen
1,Jason Bliss
3,Jason Boekeloo
1,Jason Borhauer
3,Jason Burton
6,Jason Galginaitis
2,Jason Hatch
3,Jason Heitt
1,Jason Holm
1,Jason Lakkeri
1,Jason Lambert WA
1,Jason Lombard
1,Jason McLean
1,Jason Price
3,Jason Roselander
2,Jason Trojan
4,Jason Uritescu
1,Jason Yen
1,Jay Hain
1,Jay Marks
4,Jay Ostby
1,Jay Salinas
1,Jay Sowell
2,Jay Sweeney
1,Jay Waymire
1,JD Hill
1,Jeff Adamo
1,Jeff Anderson WA
1,Jeff Butterfield
1,Jeff Debock
3,Jeff Dewitt
2,Jeff Dicker
6,Jeff Dillaman
4,Jeff Gagnon
2,Jeff Gebhardt
5,Jeff Hart
2,Jeff Lee OR
1,Jeff Rogers
1,Jeff Sanders WA
1,Jeff Sawyer
2,Jeff Warren WA
3,Jeff Welling
1,Jeff Williams WA
1,Jeffrey McIlvain
1,Jen Jutte
1,Jenn Delaney
1,Jenn Urrabazo
2,Jennell Baldwin
3,Jenner Huber
1,Jennifer Bremerton
2,Jenny Pickens
2,Jenny Vidovic
1,Jered Danielson
1,Jeremiah Quinn
1,Jeremiah Ratledge
4,Jeremy Collison
1,Jeremy Edwards
1,Jeremy Jones
1,Jeremy Liteky
2,Jerry Duncan
1,Jerry Rippy
1,Jesper Jenner
1,Jess Masnica
1,Jesse Bartolotta
1,Jesse Chappelle
1,Jesse Fallahi
4,Jesse Labbe
1,Jesse McCoy
1,Jesse Mercury
1,Jesse Mullene
1,Jesse Rinehart
1,Jesse Smith
4,Jessica Barron
1,Jessica Brooke
1,Jessica Dengler
2,Jessica Hunt
1,Jessica Rakonza
1,Jessica Savieo
1,Jessica Yelley
2,Jette Chhoun
1,Jeâ€™Warren Coles
1,Jim Edwards
1,Jim Henderson
1,Jim Sivisay
1,Jim Suplizio
1,Jimmie Eiseman
2,Jimmy LaRue
1,Jo DiCarlo
1,Jo Fenstermaker
2,Jo Gagliardi
1,Joanne Leadbetter
1,Jocie Hamilton
2,Jodine Hatfield
1,Joe Callaghan
1,Joe Foley
5,Joe Ricci
1,Joe Tortorice
1,Joel Astley
4,Joel Friedrick
1,Joey Clark
1,Joey Jay
5,Johan Bernhardtson
10,John Buda
1,John Davenhall
4,John Garnett
5,John Hartman
1,John Hurd OR
1,John Jack
1,John Krzemien
1,John Ledeman
2,John Lim
2,John McAllister
4,John McConnell
1,John Nelson
1,John Orrell
5,John Overly
5,John Robinson WA
1,John Thatsanavongsa
1,John Tierney
1,John Wilson
5,JohnNils Olson
2,Johnny Hill
1,Johnny Mayer
2,Jon Bell
1,Jon Burris
4,Jon Erickson WA
5,Jon Howard
1,Jon Jacob
5,Jon Jow
5,Jon Salzman
5,Jon Shaiman
2,Jonathan Allen
1,Jonathan Figueroa
1,Jonathan Hawthorne
5,Jonathan Illig
1,Jonathan Lee
1,Jonathan Navarro
1,Jonathan Vermillion
1,Jonathan Wall
1,Jon-Kiefer Bowne
5,Jordan Semrow
3,Jordan Shankle
2,Jordan West
1,Jorge Gonzalez
1,Jorge Romero
1,Joseph Baca
2,Joseph Salender
1,Josh Anderson WA
5,Josh Bellinghausen
1,Josh Dupraw
1,Josh Free
3,Josh Hornbaker
1,Josh Kramer
1,Josh Macfarlane
2,Josh Neuens
1,Josh Orion
1,Josh Samson
1,Josh Schaffner
1,Josh Swaney
2,Josh Teodoro
3,Joshua Barnes
2,Joshua Bartlett
1,Joshua Chandler
1,Joshua DeGarmo
6,Joshua Francis
3,Joshua Simon
1,Josue Mendez
1,Joy Nash
1,Joy Ross
1,JR DeMartino
1,Jul Perri
1,Jules Langdon
1,Julia Simpson
2,Julianne Hassman
1,Julie Denberger
3,Julie Gray
5,Justin Ari
1,Justin Blau
6,Justin Hugeback
3,Justin Kaping
1,Justin Kusar
2,Justina Russo
4,Kadyn Marshall
1,Kai Ball
1,Kaitlyn Broxson
1,Kaitlyn Yamamoto
1,Kali Banks
1,Kalli Firestine
1,Kane MacAniff
1,Kara Kaye
1,Kara Rhett
2,Kareem Williams
1,Karen Roggenkamp
1,Karla Rivers
1,Karla Salinas
1,Kasey Bond
1,Kat Martinez
1,Katherine Chaos MacLeod
1,Kathleen Greenhaw
1,Kathleen Rush
1,Kathy DeBoer
1,Katie Adams
2,Katie Eichenberger
2,Katie Janis
1,Katie Newman
1,Katie Viray
2,Katja Rodgers
1,Katy Keenan
1,Kay Kay
1,Kayla Ferguson
1,Kayla Greet
1,Keegan Kelly
1,Keenan Goodall
1,Keith Michaud
1,Keith Wolfe
6,Kellan Kirkland
1,Kellan Smith
2,Kelli Goins
1,Kelli Jameson
1,Kelly Alexander
1,Kelly Davis
1,Kelly Percich
1,Kelly Phair
1,Kelly Young
2,Kelsie Sherman Hall
1,Ken Connel
1,Ken Dean
3,Ken Disbennett
1,Ken Johnson OR
5,Ken Martin
1,Keni Lev
1,Kenna Amen
1,Kenneth Hall
2,Kevin Birrell
5,Kevin Coffey
1,Kevin Coulton
1,Kevin Delarosa
2,Kevin Deschenes
1,Kevin Kelly
1,Kevin Lessig
1,Kevin Luecke
1,Kevin Ochsner
2,Kevin Rayo
1,Kevin Sangston
1,Kevin Shinn
1,Kieonna Ford
5,Kiki V
1,Kiko Correa
1,Kimi Bartram
1,Kirk Brandvold
1,Kirk Nelson
1,Kirk Zehrung
1,Kirsten Wohlrab
1,Kit Neal
1,Kolby Krie
1,Kole Sandborg
1,Kordell Roberts
1,Korray Overman
1,Kourtne Kaoss
1,Kourtney Anderson
1,Kris Anthony
1,Krisma Miller
1,Krissy Tanaka
1,Kristin Johnson
5,Kristin Vick
1,Kyel Woodart
1,Kyle Basile
2,Kyle Condell
2,Kyle Hayden
1,Kyle Klages
1,Kylie Waibel
1,L.T. Thompson
1,Lacy Newbold
1,Lahna Utterback
4,Landon Cross
2,Landon Martin WA
1,Lane Hill
4,Larry Olson
2,Lars Rehe
1,Laura Bodine
1,Laura Hale
1,Laura Kirby
1,Laurel Brown
1,Lauren Aiello
3,Lauren Aquino
1,Lauren Johnson
1,Lauren Scoville
1,Lauren Shepherd
1,Lawrence Campbell
1,Lawrence Cushman
1,Layne Eddy
1,Leah Rue
5,Lee Ford
1,Leeds Main
2,Lefty Sitaras
1,Leif Fleming
1,Lenny Jackson
1,Leo Gonzalez
1,Leonora Choi
3,Leslie J Martin
6,Leslie Ruckman
1,Lester Mass
1,Levi Dittebrandt
2,Levi Powell
2,Lex Albrandt
2,Lexi Whittemore
5,Liberty Ruderman
1,Lilly Belle
2,Lily Cullee
1,Lily Liebich
1,Lina Davidson
1,Lina Mooney
2,Linda Volckening
1,Lisa Marie
1,Lisa Moneypenny
1,Lisa Perkins
1,Liz Brotman
1,Lo Rojas
1,Logan Bear
1,Logan Manta-Kennedy
2,Lonnie Carroll
6,Lonnie Langford
1,Lonut Trestian
1,Lora Keyte
1,Loren Martin
4,Los Rangel
1,Louie Hamlett
1,Lucas Arias
3,Lucas Haines
1,Lucas Marcolongo
1,Lucas Posey
1,Lucy Hoffman
1,Lui Rangel
1,Luke Bullert
3,Luke Camarda
1,Luke West
1,Lyn Cason
1,M Randall
5,Mack Rote
1,Mackenzie Meinhordt
1,Maddie Bryant
1,Maddie Downing
5,Madeleine Benz
1,Madi Duck
3,Madison Masterson
1,Mae Collin
2,Maggie Hussey
1,Maia Williams
5,Maka Honig
1,Malcolm Roberts
1,Man Ray
2,Mandie Moore
1,Mandolin Noir
2,Mandy Woodard
1,Marc Grenley
1,Margo Arana
1,Maria Reidell
1,Maria Watson
1,Mariah Shelley
1,Marilyn Braighboy
1,Marin Alexander
1,Marisa Figueroa
1,Marisa Fulmer
3,Marisa McClintock
2,Marissa Rodriguez
1,Mark Daddy
1,Mark Demmel
1,Mark Falkey
1,Mark Freeman
1,Mark Kushino
1,Mark Licastro
1,Mark McClure
1,Mark McMahon
1,Mark Mendez
1,Mark Ostler
1,Mark Rath
1,Mark Rueter
2,Mark Williams WA
1,Mark Wistrom
1,Marquesa Newman
5,Marshall Denton
1,Martin Rivero
1,Mary Quinn
2,Masando Jensen
4,Mason Dunbar
5,Mat Brundage
6,Mathew Peterson
3,Matt Anderson WA
4,Matt Baca
1,Matt Banderra
1,Matt Beyer
1,Matt Bollinger
1,Matt Cohn
1,Matt Damon
1,Matt Detisch
4,Matt Galbraith
3,Matt Golden
1,Matt Greenfield
2,Matt Grunewald
1,Matt Hamlin
1,Matt Heilman
1,Matt Karvonen
5,Matt Korsmoe
4,Matt Lauro
4,Matt Liskom
4,Matt Metzger
1,Matt Phillips
1,Matt Picurro
3,Matt Ramey
1,Matt Salmon
1,Matt Sarnoff
2,Matt Slater
1,Matt St. Hubin
6,Matt Strzelecki
3,Matt Watts
1,Matt Wolfe
1,Matt Yates
1,Matt Zulak
1,Matthew Dane Anderson
1,Matthew Ellis
4,Matthew Greene
6,Matthew Harjo
1,Matthew Kimball
1,Matthew Levi Tate
1,Matthew Puvogel
5,Matthew Roggenkamp
3,Matthew Sherwood
1,Matthew Weller
1,Mattie Stephens
3,Maureen Hendrix
1,Max Allsopp
5,Max Davidoff
1,Max Dulaney
1,Max Gorbman
1,Max Irvine
5,Max Koeckeritz
1,Max Levine
5,Max Stewart
1,Max Stiles
1,Maxine Pauly
1,Megan Cook WA
1,Megan Czahar
1,Meghan Keffer
1,Meghan West
1,Mel Robertson
1,Melanie Howard
3,Melanie Meyer WA
1,Melena DeLeon
2,Melissa Hartman
1,Melissa Jong
1,Melissa Miller
1,Meral Husnein
1,Mercy O'Malley
1,Meredith Ready
1,Mia Shaughnessy
1,Micah Krecklow
4,Michael Adcock
6,Michael B Bailey
1,Michael Darigol
1,Michael Fricke
3,Michael Gray
2,Michael Helmick
1,Michael Jones
1,Michael Miller
1,Michael Mills
1,Michael Plummer
5,Michael Rausch
1,Michael Senff
2,Michael Serna
1,Michael Stuart
5,Michael Tomber
3,Michael Ulmen
1,Michael Warfield
1,Michael Woods
5,Michael Wuebker
4,Michael Zuino
1,Michaela O'Keefe
1,Michelle Dobbs
1,Michelle Duskey
1,Michelle Jones
1,Michelle LaGrone
1,Michelle Loprieno
1,Michelle McDaniel
1,Michelle Pfeiffer
3,Mickey Nussbaumer
1,Miguel Ferry
3,Mika Rollin
4,Mike Corbett WA
1,Mike E
1,Mike Johnson WA
1,Mike Miller
1,Mike Morton
2,Mike Murphy WA
1,Mike Norman
6,Mike Pantoliano
1,Mike Poetzel
5,Mike Smith PDX
5,Mike Wolff
1,Mikey Wilson
3,Mikkel Nielsen WA
1,Milena Molina
1,Milton Schell
1,Miranda Ludwig
4,Misha Alexeeff
1,Mitch Pettijohn
1,Mitchell Aoki
5,Mitchell D. Anderson
1,MJ Jong
1,MJ Moscola
5,MK Walker
1,Mohamed Sawani
1,Molly Foster
1,Molly McAlpin
1,Monica Pedraza
1,Monica Thompson
1,Monty Hathaway
1,Morgan Harmon
2,Morgan Verburg
1,Nam Nguyen
1,Nan Nguyen
1,Natalie Doerning
2,Natalie Jackson
1,Natalie Ralph
1,Natasha Boyde
3,Nate Cantor
2,Nate Carter
1,Nate Dominguez
1,Nate Dwyer
1,Nate Pierce
1,Nate Reha
5,Nate Sloat
1,Nate Tompkins
1,Nathan Krause
1,Nathan Mann
1,Nathan Martin
1,Nathan Paine
1,Nathan Saritzky
6,Nathan Stellhorn
1,Nausicaa Warner
5,Neal Joslyn
1,Neil Chakravarty
1,Neil Kanungo
4,Neil Kubath
1,Neil Loomis
1,Neil Oney
1,Nell Rose
4,Nestor Rocha
5,Nic Cope
6,Nic Crowson
1,NichoCD
1,Nicholas Jimenez
1,Nicholas Kuffel
1,Nicholas Utke
1,Nicholette Autio
1,Nick Anderson WA
1,Nick Bates-Benitez
6,Nick Delehanty
1,Nick Droz
2,Nick Farber
2,Nick Filer
4,Nick Gibson
1,Nick Koehler
2,Nick Lindsay
1,Nick Pernisco
1,Nick Ptacek
4,Nick Taseris
5,Nick Wold
1,Nico Brenni
1,Nicole Bailar
1,Nicole Carter
1,Nicole Gates
1,Nicole Svoboda
1,Nicolette Biskamp
1,Nif Ward
4,Nigel Colbert
1,Nik Sear
1,Nikki Davis
2,Nikolai Shere
1,Nina Ricciardi
1,Nix Brown
1,Noah Perkins
1,Noriko Ho
1,Nycole Hyatt
1,Oliver Kohut
1,Olivia Bourgeois
1,Olivia Orni
1,Ollyver Slinks
1,Oscar Herrera
1,Oscar Torres
6,Owen Weyland
1,Paco Hernandez
1,Paige Roesler
1,Palmer Balmer
1,Parker Lewis
1,Pat Robinson
1,Pat Salembier
1,Pat Wajda
1,Patrick DeGiovanni
1,Patrick Law
1,Patrick May
1,Patrick Moening
1,Patrick Tewson
6,Patrick Wees
3,Patrick Willis
1,Paul Fraser
1,Paul Groth
2,Paul Irvine
1,Paul Levy
1,Paul Richards
4,Paul Robertson
2,Paul Schaffer
2,Paul White WA
5,Paul Williams WA
1,Peter Gapinski
1,Peter Hon
1,Peter Olive
6,Peter Schatzer
2,Peyton Conrad
1,Phil Dodt
1,Phil Harmonic
1,Phil Piwonka
1,Philip Joupperi
1,Philip Pinette
1,Philippe Siruno
1,Phillip Dodt
1,Pierre Boulay
1,Plastik Yarbrough
1,Pony Hurlbert
1,Preston McCuistion
1,Quin Kennedy
1,Quinn Copal
1,Quinn Richter
1,Quinn Thomas
1,Rachel Farr
1,Rachel Helm
1,Rachel Jarvis
1,Rachel Kahalekulu
1,Rachel Kroft
1,Rachel Shere
1,Rachel Stack
1,Rachelle Clausen
1,Ramsey Sierra
2,Randall Olson
1,Randi Aiken
1,Randy Chung
3,Randy Huynh
6,Raymond Davidson
1,Rebecca Diamant
1,Rebecca Guthrie
1,Rebecca McDaniel
1,Rebecca Sebastian
2,Rebekah Macneil
1,Reed Vasey
3,Ren Logan
1,Rene Munoz
1,Renee Hwang
1,Reno Garza
1,Renzo Saunders
1,Rex Ray
2,Rhett Pearson
1,Richard Mosley
1,Richard Pugh
2,Richard Scott
1,Richard Thoma
6,Richie Terry
2,Rick Abruzzo
5,Rick French
2,Rick Simpson
5,Rick Weber
1,Ricky Jurey
1,Rigoberto Albor
1,Rinalldo Robinson
1,Rita Perez
1,River Flanary
2,RJ Grissom
1,Ro Chelle
1,Rob Atlas
4,Rob Homan WA
2,Rob Iggulden
1,Rob Lincoln
3,Rob M Miller
5,Robbie Finnigan
2,Robert Islas
1,Robert Manyon
1,Robert Mitchell
1,Robert Rowland
1,Robert Spicknall
1,Robin Eastman
1,Robin Miller
1,Robin Moore
1,Robyn Houseworth
1,Rodney Olsen
1,Rohan Arora
4,Rolo Carey
1,Ron Hudson
1,Roni Darko
3,Ronnie Vanwormer
1,Rose Spain
1,Ross Panas
1,Roy Tu
1,Ryan Borras
1,Ryan Buma
1,Ryan Eakes
1,Ryan Henak
1,Ryan Hess
1,Ryan Hocket
1,Ryan Loftus
1,Ryan Malone
1,Ryan McMillan
2,Ryan Newstrum
5,Ryan Odonnell CA
1,Ryan Penrod
1,Ryan Ramsey
5,Ryan Slanicka
2,Ryan Tamm
4,Ryan Tupper
1,Ryan Wheeler
3,Ryan Winslow
1,Ryker Van Doren
5,Sagel Frazier
2,Sam Atlas
1,Sam Bury
1,Sam Gross
1,Sam Lund
1,Sam Muchongwe
3,Sam Snyder
3,Sam Stiles
3,Sam Wiedmann
1,Samantha Craig
1,Samantha Meyers
1,Sandy Fillman
1,Sandy Magallanes
1,Sara Morrison
3,Sara Urban
4,Sarah Bay
1,Sarah Briggs
1,Sarah Cecilia
10,Sarah Decory
1,Sarah Hager
1,Sarah Ledray
1,Sarah Muir
2,Sarah Munden
1,Sarah Spurr
1,Sasha Frenkel
5,Scott Benoit
1,Scott Clark
5,Scott Helgason
4,Scott Kelly
1,Scott Kulick
4,Scott Lee WA
1,Scott MacLeod
1,Scott Meneley
1,Scott Vermeys
1,Scotty Boyd
1,Sean Allen
1,Sean Bray
1,Sean Carlson
3,Sean Cunningham
1,Sean David
1,Sean Detore
1,Sean Gallagher
6,Sean Irby
1,Sean Keyes
1,Sean Maloney
2,Sean Mcdonald WA
1,Sean Shypula
3,Sebastian Jennings
10,Selfick Ng-Simancas
5,Sergey Posrednikov
10,Serra Decory
1,Seth Porges
1,Seton FitzMacken
1,Shamir Shummee
1,Shane Hassman
1,Shannon Williams
3,Shaun Crumb
1,Shawn Chamberlain
1,Shawn Lass
3,Shawn Mandel
1,Shawn Mecklenburg
1,Shawna Bird
2,Shawnna Kenney
1,Shelby Ostergard
1,Shelly Farnham
1,Sherae Lascelles
1,Sherry Smith
1,Shirley Recinos
1,Sicily Robinson
1,Sid Miner
1,Siera Lester
1,Simon Cardoza
1,Simon Short
4,Skye Fleming
1,Skyler Herrmann
1,Sofia Kessler
1,Sofia Vargas
2,Sookie Sookram
1,Sophia Brooks
1,Sophie Spickard
2,Spencer Anderson
1,Spencer Boyer
1,Stacy Wilson OLD
1,Star Bjorge
2,Stefan Novak
1,Steph Hanlon
4,Stephanie Davidson
1,Stephanie Sposaro
5,Stephanie Traub
1,Stephen Brundle
1,Stephen Chism
4,Stephen Donaldson
1,Stephen Frontis
3,Stephen Rakonza
1,Stephen Rarick
1,Steve Bond
1,Steve Geluso
2,Steve Hedback
2,Steven Ackley
1,Steven Brewer
1,Steven Mendez
1,Stewart Monks
1,Stewart Smith
1,Stuart Young
1,Suellen Menegat
1,Susanne Walter
1,Sylvia King
1,Taylor Farris
3,Taylor Minter
1,Ted Lasseter
1,Tenee Brockington
1,Terrence Vaccaro
1,Terry Himelstein
1,Tessi Brumley
1,Thom Geibel
1,Thomas Davies
3,Thomas Homan
2,Thomas Urban
1,Tido Ostergaard
2,Tim Barter
5,Tim Collins
1,Tim Deasis
6,Tim McCool
1,Tim Rishor
1,Tim Sassafrass
5,Tim Tournay
1,Tim Trendall
5,Tim Uomoto
2,Timm Shere
1,Timothy Kitchen
2,Tino Stivaros
3,Tis Lais
1,TJ Denne
1,Todd Brian
1,Todd Brown
2,Todd Larsen
6,Todd Rafacz
2,Tom Baisden
1,Tom Kanyok
1,Tom Leahy
1,Tom Pirie
4,Tom Walsh WA
1,Tomar Schell
1,Tomas Rivarola
2,Tommy Schessler
1,Tony Bacus
1,Tony Balandiuk
1,Tony Mitchum
1,Tony Ryder
4,Travis Echert
1,Travis Grimes
3,Travis Johnson
4,Travis Maisch
1,Travis Sturgill-Trahan
2,Tre Dauenhauer
1,Tressa Points
1,Trevor Leonard
1,Trina Wheatley
1,Trish Jonas
1,Tristan Mott
3,Tristan Ward
1,Tyda Chhaysy
2,Tyler Albery
1,Tyler Baggenstos
1,Tyler Dellinger
1,Tyler Esselstrom
1,Tyler Lingwall
1,Tyler Moore
2,Tyler Morgan
2,Tyler Vane
1,Umboon Moore
4,Val Gaifoulline
1,Valentina OA
5,Vanessa Ish
1,Vanessa Mossop
1,Vanessa Roraus
4,Vic Pitre
2,Victor Andersen
1,Victor Shergill
1,Victoria Duvalko
1,Victoria Satterfield
1,Vincent Bleiweis
5,Vincent Sperrazza
1,Vinnie Brassesco
1,Wardell Baldwin III
1,Whitney Davis
4,Whitney Lindaas
1,Whitney Zissou
3,Will Kirkland
2,Will Russo
1,Will Shull
1,William Gordon
4,William Kerney
1,William Key
4,William Scott Jordan
1,Xander Jackson
1,Yakov Peterson
1,Yhoni Keleta
4,Zac Petersen
1,Zac Seymour
1,Zach Amador
1,Zach Petty
1,Zach Speron
1,Zach Weirup
1,Zach Zink
4,Zachary Peeples
1,Zachary Turner
1,Zak Geier
1,Zak Zuvich
3,Zeb Virkus
1,Zeke Gough
1,Zeke Washington
2,Zoe Ackerman
5,Zoe Vrabel
1,Zoe Winter
1,Zofia Gil
1,Zolaire Arcade
